[
  {
    "id": "a770eed7-62cc-4366-80d4-da0ab5f201a4",
    "data": [
      {
        "text": "i like to travel",
        "userDefined": false
      }
    ],
    "isTemplate": false,
    "count": 0,
    "lang": "en",
    "updated": 0
  },
  {
    "id": "3564c0d3-20a2-42b8-bae6-79d43a505561",
    "data": [
      {
        "text": "I like to migrate",
        "userDefined": false
      }
    ],
    "isTemplate": false,
    "count": 0,
    "lang": "en",
    "updated": 0
  },
  {
    "id": "0d5edd69-aa41-42df-99f8-264fe2966d53",
    "data": [
      {
        "text": "I want to book a tour",
        "userDefined": false
      }
    ],
    "isTemplate": false,
    "count": 0,
    "lang": "en",
    "updated": 0
  },
  {
    "id": "e3dd0cef-8c62-48f4-a421-bcb48c724aa9",
    "data": [
      {
        "text": "salam",
        "userDefined": false
      }
    ],
    "isTemplate": false,
    "count": 0,
    "lang": "en",
    "updated": 0
  },
  {
    "id": "6d31bba9-65d5-4dd1-bcb0-f5e12d46964f",
    "data": [
      {
        "text": "hellow",
        "userDefined": false
      }
    ],
    "isTemplate": false,
    "count": 0,
    "lang": "en",
    "updated": 0
  },
  {
    "id": "cd255a64-236d-4e8d-befb-9cd0b50546ca",
    "data": [
      {
        "text": "hi",
        "userDefined": false
      }
    ],
    "isTemplate": false,
    "count": 0,
    "lang": "en",
    "updated": 0
  }
]