[
  {
    "id": "e3dd0cef-8c62-48f4-a421-bcb48c724aa9",
    "data": [
      {
        "text": "salam",
        "userDefined": false
      }
    ],
    "isTemplate": false,
    "count": 0,
    "lang": "en",
    "updated": 0
  },
  {
    "id": "6d31bba9-65d5-4dd1-bcb0-f5e12d46964f",
    "data": [
      {
        "text": "hellow",
        "userDefined": false
      }
    ],
    "isTemplate": false,
    "count": 0,
    "lang": "en",
    "updated": 0
  },
  {
    "id": "cd255a64-236d-4e8d-befb-9cd0b50546ca",
    "data": [
      {
        "text": "hi",
        "userDefined": false
      }
    ],
    "isTemplate": false,
    "count": 0,
    "lang": "en",
    "updated": 0
  }
]