[
  {
    "id": "ab3cf729-9cb9-46e2-9b97-c9d9bf6308dd",
    "data": [
      {
        "text": "What is the message of CEO?",
        "userDefined": false
      }
    ],
    "isTemplate": false,
    "count": 0,
    "lang": "en",
    "updated": 0
  },
  {
    "id": "c7566d4d-3378-4743-9a7b-cc8ea6d419fa",
    "data": [
      {
        "text": "Who is the CEO of Zeb?",
        "userDefined": false
      }
    ],
    "isTemplate": false,
    "count": 0,
    "lang": "en",
    "updated": 0
  },
  {
    "id": "a327d098-f949-4013-a79e-dc6caf3be9df",
    "data": [
      {
        "text": "What is Zeb?",
        "userDefined": false
      }
    ],
    "isTemplate": false,
    "count": 0,
    "lang": "en",
    "updated": 0
  },
  {
    "id": "27d1ecb3-7f3f-4141-9558-cb45de34f657",
    "data": [
      {
        "text": "What are Zeb established in?",
        "userDefined": false
      }
    ],
    "isTemplate": false,
    "count": 0,
    "lang": "en",
    "updated": 0
  },
  {
    "id": "a81c1063-50d6-483a-98a0-6a0143e38164",
    "data": [
      {
        "text": "info",
        "meta": "@InfoContext",
        "alias": "InfoContext",
        "userDefined": true
      }
    ],
    "isTemplate": false,
    "count": 1,
    "lang": "en",
    "updated": 0
  }
]